word,weight,pronunciation,verb,verbt,verbi,noun,adj,adv,prep,conj,sentence,looklike,homoionym,antonym
trim,1569,/trɪm/,,修剪；整理,,修剪；整理,苗条的，修长的；整齐的，整洁的,,,,,tame；tram,clip；decorate；adorn；tidy；orderly；slim；fit；n.decoration；adornment；frill,lengthen；augment；messy；bulky
lack,19737,/læk/,,缺乏，不足，没有,,缺乏，不足，没有,,,,,,like；leg；lag,scarceness；unavailability；be short of；want for；require,surplus；glut；excess；plenty；abundance；have
pardon,1672,/ˈpɑːdn/,,原谅，宽恕；赦免,,原谅，宽恕；赦免,,,,,,patent；pattern,sorry；repeat,convict；guilty
fair,245,/feə(r)/,,,,,公平的、地,公平的、地,,,,fire；fear,justice；equitable；impartial,foul；unfair
interview,18824,/ˈɪntəvjuː/,接见，会见；采访；面试,,,接见，会见；采访；面试,,,,,,intervene；interval,meeting；talk；conference；consultation；discussion；question；interrogate；quiz,interviewee
shave,565,/ʃeɪv/,修面,,,修面,,,,,,shame；save,cut off；shear；cut；trim,fix up；patch；restore；repair；mend
forecast,2894,/ˈfɔːkɑːst/,,预报；预测；预想,,预报；预测；预想,,,,,,,predict；caculate；project；anticipate；foretell；foresee；estimate；guess；conjecture,hindsight；belated；postmortem
bid,4195,/bɪd/,出价；投标,,,出价；投标,,,,,,bead；bit；beat,offer；propose；submit；proffer；proposal；proposition；effort；undertake,withdral；recall；retract；revoke
endeavour,122,/ɪnˈdevə(r)/,,,努力，尽力；尝试,努力，尽力；尝试,,,,,,,neglect；strive；effort；dilligent；industrious；assiduous,lazy；idle；sloth；inactive；slack；sluggish；remiss
glide,633,/glaɪd/,,,滑行，滑翔,滑行，滑翔,,,,,,glad；,slither；slide；sashay；slip；skate,drag；resist；obstruct
gallop,457,/ˈgæləp/,奔驰，飞跑，飞驰,,,奔驰，飞跑，飞驰,,,,,,glop,dash；career；run；hurtle；fly,slow；poky；crawl
boast,632,/bəust/,自夸；夸耀,,,自夸；夸耀,,,,,,boost；boat；bust,brag；vaunt；claim；assert；avowal；show off；crow；swank,humble；modest；humility
scrape,1402,/skreɪp/,刮，擦,,,刮，擦,,,,,,scrap,scratch；scrub；flake；scuff；predicament；jam；fight；rubdown,reconciliation
swap,1007,/swɔp/,交换,,,交换,,,,,,swamp；swipe,change；exchange；dicker；negotiate；interchange；substitution,
mention,5577,/ˈmenʃn/,提及，说起,,,提及，说起,,,,,,mansion；motion,reference；indicate；discussion；remark；allusion；talk about；state；cite；say,conceal
hire,1417,/ˈhaɪə(r)/,租用；雇用,,,租用；雇用,,,,,,hair；higher；hear,employ；appoint；take on；sign up；engage；rental；lease；charter,fire；dismiss；layoff；discharge；sack
request,10356,/rɪˈkwest/,,要求；请求,,要求；请求,,,,,,recast,appeal；demand；call；application；entreaty；ask for；entreat；invite,
interplay,1255,/ˈɪntəpleɪ/,,,相互作用，相互影响,相互作用，相互影响,,,,,,interplate；interpolate；interlay,interact；relationship；interchange；back-and-forth；chemistry,isolate；solitary；separate；insulate；seclude
promise,18833,/ˈprɔmɪs/,允诺，保证；预兆，预示,,,允诺，保证；预兆，预示,,,,,,premise,guarantee；agreement；contract；assure；swear；undertake；confirm；engage,repent；betray；forsake
resit,0,/ˏriːˈsɪt/,重修，补考,,,重修，补考,,,,,,resist；reset,rearrange；reorganize；retune；change；right,exemption
delay,9092,/dɪˈleɪ/,耽搁，延迟，延期，迟滞,,,耽搁，延迟，延期，迟滞,,,,,,,postpone；procrastinate；hesitate；suspend,advance
employ,190,/ɪmˈplɔɪ/,,雇用；用，使用,,雇用；用，使用,,,,,,exploit；imply,hire；pay；retain；use；engage；utilize,fire；unemployment；dismiss
grab,1746,/græb/,抓，夺,,,抓，夺,,,,,,grasp,clutch；grasp；grip；seize,loose
embrace,2749,/ɪmˈbreɪs/,拥抱；包括；欣然接受,,,拥抱；包括；欣然接受,,,,,,embarrass,hug；hold；enfold；accept；clinch,reject；exclude
trek,1138,/trek/,,,牛拉车；艰苦跋涉,牛拉车；艰苦跋涉,,,,,,track；trick,hike；ramble；tramp；wade；trudge,
flicker,2590,/ˈflɪkə(r)/,,,闪烁；一闪而过,闪烁；一闪而过,,,,,,flake,glimmer；spark；sparkle；twinkle；trace；sputter；gutter；shimmer；blink,
collapse,9167,/kəˈlæps/,坍塌，崩溃；晕倒,,,坍塌，崩溃；晕倒,,,,,,clap,fall dwon；fail；fold；ruindownfall；breakdown；flop,rise
grin,7904,/grɪn/,咧嘴笑,,,咧嘴笑,,,,,,grain；green,smile；beam；smirk；laugh；giggle,frown
desire,8192,/dɪˈzaɪə(r)/,想望，期望；要求,,,想望，期望；要求,,,,,,design,wish；want；crave；yearn；eager,aversion；abhor；detest；disgust；dislike；loathe
voyage,122,/ˈvɔɪɪdʒ/,旅行，航行，飞行,,,旅行，航行，飞行,,,,,,voyeur,journey；sail；cruise；travel；trip；expedition；flight,
attack,26063,/əˈtæk/,进攻；抨击；（疾病等）突然发作,,,进攻；抨击；（疾病等）突然发作,,,,,,attach,assault；accuse；charge；slander,defend
encounter,8782,/ɪnˈkauntə(r)/,,遭遇，遇到,,遭遇，遇到,,,,,,,meet；run into,miss
attempt,24380,/əˈtempt/,尝试，试图；努力,,,尝试，试图；努力,,,,,,tempt,try；effort,give up；quit；drop；resign
stir,938,/stɜː(r)/,搅动；摇动；激动,,,搅动；摇动；激动,,,,,,stern,mix；blend；stimulate；arouse,dampen；subside；appease；mollify
cantonese,136,/ˏkæntəˈniːz/,,,,广东人（的）；广东话（的）,广东人（的）；广东话（的）,,,,,cartoon,,
stare,3084,/steə(r)/,,,盯,盯,,,,,,stair,watch；gaze；gape,ignore
esteem,240,/ɪˈstiːm/,,尊重；尊敬,,尊重；尊敬,,,,,,redeem,respect；reverence；honor；admiration；regard；appreciate；value；cherish；prize,scorn；contempt
glitter,1224,/ˈglɪtə(r)/,,,闪光,闪光,,,,,,glint,shine；glint；sparkle；gleam；shimmer,
strain,5879,/streɪn/,拉紧，绷紧；扭伤，拉伤；（使）过劳，（使）极度紧张,,,拉紧，绷紧；扭伤，拉伤；（使）过劳，（使）极度紧张,,,,,,stain；drain,pull；tension；pressure；anxiety,slack；loose；lax；relax
disdain,486,/dɪsˈdeɪn/,鄙视，蔑视,,,鄙视，蔑视,,,,,,distain,despise；scorn；spurn；disparage；contempt；disregard,praise；acclaim；compliment；respect
scuffle,223,/ˈskʌfl/,,,扭打，混战,扭打，混战,,,,,,scarf,fight；wrestle；brawl；fray；scrap,
camouflage,840,/ˈkæməflɑːʒ/,掩饰，伪装,,,掩饰，伪装,,,,,,,disguise；hide；conceal；obscure；mask,uncover；reveal；expose；emerge
drill,5453,/drɪl/,钻；训练,,,钻；训练,,,,,,drool,bore；pierce；puncture；penetrate；practice；efxercise；train,
bulge,1696,/bʌldʒ/,膨胀；凸出；塞满,,,膨胀；凸出；塞满,,,,,,badge,swell；knote；lump；protrude,dent；recess；hollow；depress；sunken；sag
debate,7576,/dɪˈbeɪt/,争论，辩论,,,争论，辩论,,,,,,debacle,argue；dispute；contemplate；contest；deliberate；discuss,conclude；consensus
marsupial,189,/mɑːˈsuːpɪəl/,,,,有袋动物（的）,有袋动物（的）,,,,,,kangaroo；koala,
murder,9242,/ˈmɜːdə(r)/,谋杀，凶杀,,,谋杀，凶杀,,,,,,,kill；slay；assassinate；homicide；manslaughter,
censure,534,/ˈsenʃə(r)/,,指责，谴责，责难,,指责，谴责，责难,,,,,,sensor；censor,criticize；condemn；denounce；contempt；deprecation,agree；praise；approval
decline,12849,/dɪˈklaɪn/,下降，减少；衰退，衰落,,,下降，减少；衰退，衰落,,,,,,declare,refuse；reject；fall；drop；deterioration；degeneration,accept；approve；improve；endorse
defeat,6926,/dɪˈfiːt/,,击败；挫败；战败,,击败；挫败；战败,,,,,,deceit,beat；overcome；overwhelm；baffle；conquest；rout,lose；victory
display,18108,/dɪˈspleɪ/,,陈列，展览；显示，表现,,陈列，展览；显示，表现,,,,,,discipline,show；exhibit；present；demonstrate；flaunt；exhibit,conceal
avalanche,2325,/ˈævəlɑːnʃ/,雪崩,,,雪崩,,,,,,,snow slip；slide；quantity,
requisition,74,/ˏrekwɪˈzɪʃn/,,正式要求；征用,,正式要求；征用,,,,,,repetition,request；demand,relinquish
rescue,8060,/ˈreskjuː/,,营救，救援,,营救，救援,,,,,,residue,save；free；liberate；release；salvage,abandon
whisper,4529,/ˈwɪspə(r)/,低语,,,低语,,,,,,,rumor；word；gossip；murmur；mutter；breathe,shout；yell
neglect,3091,/nɪˈglekt/,,忽视；疏忽；遗漏,,忽视；疏忽；遗漏,,,,,,,ignore；overlook；inattention；abandon；desert；disregard；slight,care；prior
hug,3875,/hʌg/,（热烈的、地）拥抱,,,（热烈的、地）拥抱,,,,,,hog,embrace；enfold；cuddle；clinch,
beneath,981,/bɪˈniːθ/,,,,,,在下方,在下方,,,breath,under；underneath；below；lower；less,over；above；upon
shrug,2184,/ʃrʌg/,耸肩,,,耸肩,,,,,,shrub；rug,,stretch；spread
allure,1196,/əˈluə(r)/,诱惑，吸引,,,诱惑，吸引,,,,,,lure,attract；appeal；draw,reject；repulse；repel；resist
level,5735,/ˈlevl/,（使）变平坦,,,水平面，水平线；高度，水平；等级,平的、水平的；同高度的，同等程度的；平稳的；冷静的,,,,,lever；lava；larval,degree；stage；plane；intensity；quantity；flatten；equal；straight；even,uneven；bumpy
overweight,3438,/ˏəuvəˈweɪt/,,使负担过重,,超重，过重,超重的，过重的,,,,,,heavy；cumbersome；overload；obesity；stocky；bulky；ponderous；clumsy,underweight；thin；slim；slender；skinny
slight,365,/slaɪt/,,轻视，藐视，轻蔑,,轻视，藐视，轻蔑,轻微的，不足道的；纤细的，瘦弱的,,,,,sleight；slide；sight,small；minor；delicate；thin；offend；scorn；snub；insult,stocky；heavy；cubersome；bulky；ponderous；clumsy
buckle,1327,/ˈbʌkl/,扣紧；（使）变形；弯曲,,,皮带扣环,,,,,,bubble；bottle；bottom,fasten；clip；clasp；secure；hasp,unbuckle
curry,123,/ˈkʌrɪ/,,把（肉、蔬菜等）做成咖喱食品；梳刷（马毛等）,,咖喱，咖喱饭菜,,,,,,query；curly；carry,,
purpose,104,/ˈpɜːpəs/,打算，企图，决心,,,目的，意图；用途，效果,,,,,,propose；purchase,intent；aim；object；goal,purposeless；aimless；indifference
bet,6312,/bet/,赌，打赌,,,打赌，赌注,,,,,,bat；bit,risk；gamble；stake；believe；expect；anticipate,lose
equal,789,/ˈiːkwəl/,,比得上,,,相等的,,,,,sequel,match；rival；parallel；peer；even；identical；fair,unequal；different；vary；inequality；unfair
resort,2397,/rɪˈzɔːt/,,,求助；诉诸,求助；诉诸；胜地,,,,,,retort；result,attraction,
rig,2651,/rɪg/,,操纵，垄断,,船桅（或船帆等）的装置；成套器械,,,,,,rag；rake,boring tower；manipulate；fix,
input,516,/ˈɪnput/,,把……输入计算机,,投入，输入；输入的数据,,,,,,,enter,output；export；outlet；outcome
forfeit,117,/ˈfɔːfɪt/,（因犯规等而）丧失，失去,,,罚款；代价,,,,,,,lose；deprive；penalize；punish,reward；award；incentive
nevertheless,13968,/ˏnevəðəˈles/,,,,,,仍然；然而,,然而，不过,,nonetheless,yet；but；however；despite；on the other hand,
landscape,757,/ˈlændskeɪp/,,对……作景观美化，美化（自然环境等）,,风景,,,,,,,scenery；scene,
clip,3860,/klɪp/,（夹子、回形针等）夹住，扣住；剪，修剪,,,（弹簧）夹子，回形针，别针；弹夹；修剪；剪报，电影（或电视）片断,,,,,,,attach；cut；fix；fasten,
yield,5869,/jiːld/,出产；放弃,,,产量,,,,,,yell,bear；generate；harvest；crop；produce；give way,loss；waste；depletion；attrition
secure,6661,/sɪˈkjuə(r)/,得到某物，获得；防护，保卫,,,,安全的；可靠的，放心的,,,,,secular,safe；guarantee；certain；confident；dependable；reliable,insecure；vulnerable；unreliable
code,2853,/kəud/,,把……编码,,密码；代码,,,,,,cold,program；cipher；enigma；encrypt,decode；crack；decipher；break
point,68001,/pɔɪnt/,指，指向；表明；瞄准,,,尖，尖端；点，小数点；条款，细目；分数，得分；要点，论点，观点,,,,,,,direct；aim；indicate；opinion；purpose；main idea,
review,18393,/rɪˈvjuː/,,回顾；自习；评论,,回顾；评论,,,,,,reveal；revile,comment；re-examine；check；report；inspect,
margin,9600,/ˈmɑːdʒɪn/,加旁注于；加边于,,,差额，差距；页边空白；边缘；余地；幅度,,,,,,marlin,boundary；border；brim；edge,center；middle；midst
tram,740,/træm/,乘电车,,,有轨电车，电车轨道,,,,,,trump,trolley,
squash,825,/skwɔʃ/,压碎，挤压；挤进，塞入；镇住，镇压；制止,,,软式墙网球，壁球，南瓜,,,,,,squish；squad；squat,pumpkin；squeeze；squish；crush；congestion；crowd；jum；press,reshape
surge,3346,/sɜːdʒ/,（人群等）蜂拥而出；波动，涌动,,,（感情等的）洋溢；猛增,,,,,,search；siege,flow；rush；pour；gush；heave；spill；wave,calm
physical,152,/ˈfɪzɪkl/,,,,体检,身体的，肉体的；物理的，物理学的；物质的，有形的；,,,,,,bodily；corporeal；carnal；objective,mental；ethereal；virtual
score,22906,/skɔː(r)/,得分，记分；给（试卷等）打分，给……评分；刻痕于，画线于；获胜，成功,,,得分，分数；乐谱；抓痕，划痕；二十,,,,,,scorn；sore,grade；result；tally；achieve；notch；count,
stamp,3264,/stæmp/,跺（脚），重踏；在……上盖（字样或图案等）；重步走,,,邮票，印花；印，图章；标志，印记；跺脚，顿足,,,,,,stump；step,imprint；beat；trample；brand,
whistle,3063,/ˈwɪsl/,吹口哨,,,口哨；呼啸而过,,,,,,wiggle；wrestle；weasel,shrill；warble,
detective,10815,/dɪˈtektɪv/,,,,侦探,侦探的,,,,,deductive；defective,investigator,
chink,64,/tʃɪnk/,（使）发出叮当声,,,裂缝，裂口；一缕光；叮当声,,,,,,chick；chunk,crack；crevice；slit；fissure,
superior,2547,/suːˈpɪərɪə(r);sjuː-/,,,,上级，长官,上级的，（在职位、地位等方面）较高的；优越的，优于……的，较……多的；优良的，卓越的；有优越感的，高傲的,,,,,supreme,higher；better,inferior
opponent,17189,/əˈpəunənt/,,,,敌手，对手；反对者,对立的，对抗的,,,,,apparent；exponent；component,adversary；enemy；foe；rival；challenger,ally；friend
sponsor,5937,/ˈspɔnsə(r)/,,发起，主办；赞助，资助；惠顾,,发起者，赞助人，主办者；主顾,,,,,,sparse,back；support；fund；patron,
routine,1365,/ruːˈtiːn/,,,,例行公事；惯例,例行的；常规的,,,,,root；rotten,usual；standard；everyday；regular,unusual；irregular
nurture,470,/ˈnɜːtʃə(r)/,,培养；滋养,,营养品,,,,,,nature；neutral,raise；rear,
genetic,13003,/dʒɪˈnetɪk/,,,,[-s]遗传学,遗传的,,,,,generic,inherent；inherited,acquired；learned
leak,5134,/liːk/,（使）漏，（使）渗出,,,漏洞；泄露,,,,,,lick,disclose；uncover；drip；outflow；divulge；betray,
spring,7245,/sprɪŋ/,跳跃；涌现，突然出现；突然提出（或说出）,,,春天，春季；弹簧，发条；弹性，弹力；（源）泉；跳跃,,,,,,sprint,coil；pounce；skip；leap；bound；elasticity,rigidity
couple,4738,/ˈkʌpl/,连接，联合，结合；结婚,,,（一）对，（一）双；夫妇；,,,,,,cuddle,pair；combine,separate
submarine,3156,/ˏsʌbməˈriːn;ˈsʌbməriːn/,,,,潜水艇,水底的，海底的,,,,,summary,undersea；underwater；marine,
commercial,5214,/kəˈmɜːʃl/,,,,商业广告,商业的，商品化的，贸易的,,,,,commerce,advertisement；profitable,
fold,4271,/fəuld/,折叠,,,皱；折,,,,,,fond；fault,double；crinkle；crease；pleat,unfold；straighten；stretch
muddle,210,/ˈmʌdl/,,将……弄成一团糟；使困惑，使糊涂；混淆,,一团糟，凌乱，混乱；（头脑）糊涂，困惑,,,,,,model；medal,mess；confuse；mix；chaos；bewilderment；jumble,clarify；order；disentangle
exchange,6854,/ɪksˈtʃeɪndʒ/,交换，调换；交易；兑换；交流；谈话，争论,,,交换，调换；交易（所）；兑换（率）；交流,,,,,,excuse,swap；replace；switch,
cosset,54,/ˈkɔsɪt/,,宠爱，溺爱,,宠儿,,,,,,cassette；cost,spoil；protect；coddle,neglect；indifferent
silt,178,/sɪlt/,（用淤泥）阻塞,,,淤泥,,,,,,suit；silk,deposit；mud；sediment；sludge；residue,
tune,7419,/tjuːn/,,调音；调节，调整,,调子；和谐,,,,,,dune,melody；song；jingle；adjust；modify,
strike,14537,/straɪk/,打；折磨,,,罢工,,,,,,strict；stride,hit；beat；attack；stop work；raid；assault；foray,return；resume
dispute,2415,/dɪˈspjuːt/,对……表示异议；争论，争吵,,,争论，争端，争吵,,,,,,depute；despite；debut,argue；debate；wrangle；chanlenge；,accept；agree
standard,22313,/ˈstændəd/,,,,标准,标准的,,,,,startup,criterion；norm；benchmark；ordinary；typical,nonstandard；unusual；abnormal；special
hose,252,/həuz/,,用软管淋,,软管,,,,,,whose,tube；pipe；line；rinse,
cruise,4314,/kruːz/,航游，巡航；（出租车、船等）缓慢巡行,,,旅游，游戈,,,,,,crew；bruise,travel；journey；sail；voyage；trip,
general,14291,/ˈdʒenrəl/,,,,将军,一般的，普通的；全体的，普遍的；大体的，概括的；首席的,,,,,journal,common,special；particular
bother,350,/ˈbɔðə(r)/,打扰，烦扰；烦恼，操心,,,麻烦，烦扰,,,,,,brother,annoy；trouble；disturb；interupt；nuisance；interfere,
humble,813,/ˈhʌmbl/,,使谦恭；使卑下；贬低,,,谦逊的，谦虚的；地位（或身份）低下的，卑贱的；简陋的，低劣的,,,,,hamburg,modest,proud；insolent；arrogant；conceit
counter,150,/ˈkauntə(r)/,,,,柜台,,相反,,,,quoter；quota；quarter,contradict；refute；oppose,
range,21430,/reɪndʒ/,（在一定范围内）变化，变动；排列,,,范围，领域；系列；（山）脉；射程,,,,,,rage；ranch,reach；fluctuate；oscillate；assortment,
ultimate,13438,/ˈʌltɪmət/,,,,最好（或先进、伟大等）的事物，极品，精华,最后的，最终的；根本的,,,,,automate,final；last；eventual；decisive；definitive,first；begin
flap,2451,/flæp/,拍打；（翅膀）拍动,,,薄片；封盖；振动；激动,,,,,,flop,tab；flutter；wave；worry,calm
mould,267,/məuld/,用模子制作，浇铸；使形成，把……塑造成,,,霉，霉菌；模型，铸模；（人的）性格，气质,,,,,,mold；model；mood,create；cast；form；frame；mildew,
potential,18848,/pəˈtenʃl/,,,,潜力，潜能,潜在的；可能的,,,,,prudential,possible；probable,impossible；unlikely
brief,503,/briːf/,,向……介绍基本情况，为……提供资讯,,概要，摘要,短时间的，短暂的；简短的，简洁的,,,,,belief；brave,inform；instruct；short；concise；guideline,lenthy；wordy；nag
substitute,1075,/ˈsʌbstɪtjuːt/,代替，替换,,,代替者，代替物，代用品,,,,,,institute,alternative；switch；replace；additional；,irreplaceable
pirate,165,/ˈpaɪərət/,,盗用，盗版,,侵犯版权者；海盗,,,,,,pilot；parrot,burglar；bootleg；illicit；illegal,legal；authorised；oringinal；licensed；genuine
profit,2491,/ˈprɔfɪt/,有利于；获益,,,利润；益处,,,,,,prophet,interest；income；earnings,loss
quote,5985,/kwəut/,引用，引述，引证；提出，提供；报价,,,引文，引语；估价，报价；引号,,,,,,quot；quota,cite；recite；mention；reference,
recruit,3193,/rɪˈkruːt/,招募（新兵），招收（新成员）；复原，恢复；补充,,,新兵，新成员，新会员,,,,,,,employ；hire；enlist；novice；beginner；trainee,veteran
gloss,543,/glɔs/,使具有光泽；掩饰；曲解；作注释；发光，发亮,,,光泽，色泽；虚假的外表，假象；注解，解释,,,,,,glass,luster；polish；annotate,
exile,916,/ˈeksaɪl/,,放逐，流放，使流亡,,流放，流亡；被流放者，背井离乡者，流犯,,,,,,excel；expel,banish；deport；expel；expatriate；outcast,
representative,7841,/ˏreprɪˈzentətɪv/,,,,代表，代理人,典型的，有代表性的,,,,,,delegate；envoy；agent；spokesperson,
reverse,2772,/rɪˈvɜːs/,颠倒，（使）倒退,,,相反，颠倒；背面，后面,相反的；倒转的，颠倒的,,,,,reverence；inverse,obverse；invert；inverse,
finance,9140,/ˈfaɪnæns/,,为……提供资金,,财政，金融；财务情况,,,,,,fiance,money；back；fund；invest；economy,
comb,1959,/kəum/,梳理；搜寻，彻底搜查,,,梳子；蜂巢；（鸡等的）肉冠，冠状物,,,,,,tomb；calm,brush,
privilege,260,/ˈprɪvəlɪdʒ/,,给予特权，特别优待,,特权，优惠，特许,,,,,,,advantage；favor；honour,
trap,7287,/træp/,,诱捕，诱骗，使中圈套；使陷入困境，使受限制,,陷阱，圈套，诡计,,,,,,tap；strap；tramp,catch；ambush；deceive；trick；snare,release；free
censor,653,/ˈsensə(r)/,,审查，检查（书报）,,检查员,,,,,,sensor；census,edit；cut,
hazard,239,/ˈhæzəd/,尝试着做（或提出）；冒……风险,,,危险，冒险,,,,,,,danger；threat；risk；peril,safe；protect
rear,2598,/rɪə(r)/,饲养，抚养；种植,,,后部，尾部,后方的，后部的；背后的,,,,,rare,back；last；tail；raise,front；head
alight,104,/əˈlaɪt/,,,降落，飞落；从（公共汽车等）下来,,点着的,,,,,alright,get off；descend；dismout；land；burning,
credit,7399,/ˈkredɪt/,,记入贷方；把……归于,,信用贷款，赊欠；信任，相信；贷方；荣誉，名望；光荣，功劳；学分,,,,,,critic；cricket,trust,debit
explosive,4640,/ɪkˈspləusɪv/,,,,爆炸物，炸药,爆炸的，爆发的；使人冲动的,,,,,explicit,unstable；volatile；dangerous,stable；inactive；placid
lever,216,/ˈliːvə(r)/,,（用杠杆）撬动,,杠杆；施压手段,,,,,,liver；level,pry；crowbar,
truant,39,/ˈtruːənt/,,,逃避责任；旷课,逃学者；逃避者,,,,,,trout；tout,absent；shirk；skive；malinger,attend；present
bolster,199,/ˈbəulstə(r)/,,支持，支撑；改善,,垫子,,,,,,bastard；booster,support；boost；strenthen；reinforce,undermine
concern,9429,/kənˈsɜːn/,,涉及；使关心；让（人）担忧,,关心；关注,,,,,,,think；worry；trouble；bother,unconcern；indifference
hide,1657,/haɪd/,（躲）藏,,,皮革，兽皮,,,,,,height；head,conceal；cover；pelt,disclose；flaunt；unveil
former,65,/ˈfɔːmə(r)/,,,,前者,以前的,,,,,formal,previous；past；last；prior；predecessor,successor
sore,945,/sɔː(r)/,,,,疮,痛的；恼火的；剧烈的,,,,,soar,pain；wound；hurt；lesion；angry,heal；comfort
alluvial,195,/əˈluːvɪəl/,,,,冲积土（或层、矿床），淤积土,[地]冲积的，淤积的,,,,,aluminium,silt；mud；sediment；deposit,
target,12161,/ˈtɑːgɪt/,,对准，面向,,目标；对象，靶子,,,,,,tart,aim；goal；focus；object,
independent,3686,/ˏɪndɪˈpendənt/,,,,中立派，无党派议员,独立的，自主的，不受约束的,,,,,,autonomous；alone；self-sufficient,dependent
shade,1670,/ʃeɪd/,,遮蔽，遮光；把……涂暗,,阴凉处；（灯）罩；暗部；色度；细微差别,,,,,,shed；shield,cover；shield；dark；hue,light；expose；bright
stable,39,/ˈsteɪbl/,,,,马厩,稳定的，稳固的，安定的；沉稳的，持重的,,,,,staple,steady；stall,unstable；volatile
annual,761,/ˈænjuəl/,,,,年刊，年鉴；一年生植物,每年的，年度的,,,,,,yearly,
luxury,4085,/ˈlʌkʃərɪ/,,,,豪华（品）；奢侈（品）,奢华的,,,,,lottery,extravagant；wasteful；sumptuous；expensive,simple；essential；plain
purchase,10869,/ˈpɜːtʃəs/,,买，购买,,购买的物品,,,,,,purpose,buy；acquire；obtain,sell
constant,1317,/ˈkɔnstənt/,,,,常数，恒量,经常的，不断的；坚定的，永恒的，忠实的；持续的，不变的,,,,,content,continuous；frequent；steady；number,irregular；occasional；intermittent
particular,14385,/pəˈtɪkjulə(r)/,,,,详情，细目，细节,特殊的，特别的；特定的，个别的；详细的,,,,,peculiar；particle,specific；precise；exact；certain；especial,general；vague；average；regular
pitch,9642,/pɪtʃ/,投掷；颠簸；为……定音高,,,沥青；场地；程度；最高点；音高,,,,,,pinch；peach；patch；perch,promote；sell；court；area；field；asphalt；tar,
durable,2521,/ˈdjuərəbl/,,,,耐用品,耐久的；耐用的,,,,,doable,stong；tough；robust；sturdy；persistent,fragile；weak；vulnerable；delicate；flimsy
benefit,16680,/ˈbenɪfɪt/,使受益；有益于，得益于,,,益处，好处；恩惠；救济金，保险金，津贴,,,,,,,advantage；interest；profit；right,harm；detriment；loss；damage
decay,995,/dɪˈkeɪ/,腐烂，腐朽；衰败，衰退,,,腐烂，腐朽；衰败（或衰退）状态,,,,,,decade,decrease；decline；decompose；fester；depress；crumble；rot；deteriorate,growth；flourish；increase
ornament,250,/ˈɔːnəmənt/,,装饰，修饰，美化,,装饰；装饰物,,,,,,adornment；augment,decorate；adornment,
cooperative,1267,/kəuˈɔpərətɪv/,,,,合作社,合作的，协作的,,,,,corporate,collaborate；oblige；,uncooperative
honour,89,/ˈɔnə(r)/,,向……示敬意；信守，执行（承诺）,,光荣；尊敬,,,,,,honor,esteem；integrity；dignity；reputation；grace,dishonour；shame；disgrace；scorn；disparage；disrepute；humiliate
except,446,/ɪkˈsept/,,将……除外,,,,,除……外,,,expect；accept,exclude；apart；besides；addition,include
license,3947,/ˈlaɪsns/,,批准，准许,,许可（证），执照,,,,,,lesson,certify；permit；authorize；accredit；cettificate；registered,unlicensed
major,1005,/ˈmeɪdʒə(r)/,,,主修，专攻,专业（学生）,主要的,,,,,mayor,main；principal；primary；most,minor
objective,5473,/əbˈdʒektɪv/,,,,目标，目的,客观的,,,,,,impartial；neutral；unbiased；factual；just,subjective
concentrate,309,/ˈkɔnsntreɪt/,全神贯注，全力以赴；集中，聚焦；浓缩,,,浓缩物，浓缩液,,,,,,,focus；converge；condense；compress,dilute；disperse；distract
elastic,436,/ɪˈlæstɪk/,,,,松紧带,有弹性的；灵活的,,,,,elliptical；electric,stretchy；flexible；resilient；supple,inflexible；rigid
feature,24159,/ˈfiːtʃə(r)/,以……为特色；由……主演；占重要地位,,,特征，特色；面貌，相貌；特定，专题节目；故事片,,,,,,future；figure,trait；mark；characteristic；face,
crisp,254,/krɪsp/,,,,油炸土豆片,脆的；利落的,,,,,creep,crunchy；brittle；crusty,soggy；chewy；hesitated
crack,214,/kræk/,（使）破裂；（使）发出爆裂声；重击；崩溃，瓦解,,,裂缝，缝隙；爆裂声,,,,,,,break；fracture；sovle；blow；crash；cleft；crevice；excellent,
flourish,1455,/ˈflʌrɪʃ/,繁荣；茂盛；兴旺；健康幸福,,,（为引起注意的）夸张动作；修饰,,,,,,flush,successful；succeed；thrive；grow；decoration；ornament,decline；depression；recession；stagnation
reserve,7270,/rɪˈzɜːv/,,预订，预约；保留；储备,,储备（量）；自然保护区,,,,,,resolve；preserve,keep；retain；protect；preserve,consumption
fuel,5015,/ˈfjuːəl/,给……加燃料,,,燃料,,,,,,few；phew；feel；fill；fail,gas；energy；increase,quell
acclaim,449,/əˈkleɪm/,,向……欢呼，为……喝彩,,称赞；欢迎,,,,,,claim,appaud；cheer；commend；hail；praise；compliment,catcall；hoot；boo；criticize
carry,132,/ˈkærɪ/,运送，搬运；传送，传播,,,运载；射程,,,,,,cherry,take；bear；hold,drop
address,21290,/əˈdres/,,致函，写姓名地址；向……讲话，演说；处理，对付,,地址；致词,,,,,,arrest,speak；deal；location,
slim,651,/slɪm/,,,变苗条,,苗条的；薄的,,,,,slam,thin；slender；slight,fat；obesity；overweight；chubby
warrant,3927,/ˈwɔrənt/,保证；证明……正当,,,授权；许可证,,,,,,walnut,authorization；permit；licence,
rank,194,/ræŋk/,排列；分等,,,等级；军衔,,,,,,rant,place；rate；categorize；classify；level；position,unranked
avail,481,/əˈveɪl/,,有帮助，有益，有用,,效用；利益,,,,,,airview,benefit；advantage；reward；gain,invalid；useless；worthless
block,14915,/blɔk/,,阻塞，拦阻；封锁,,一排房屋，街区；阻塞；大块木料（或石料、金属）,,,,,,blog,neighborhood；clog；jam；blockage,
blaze,2376,/bleɪz/,熊熊燃烧；发（强）光；迸发,,,火焰,,,,,,glaze,fire；combustion；glare；burn,
exterior,1676,/ɪkˈstɪərɪə(r)/,,,,外部，外表,外部的，外表的,,,,,,outward；external；extrinsic,interior；inward；internal；intrinsic
vernacular,569,/vəˈnækjulə(r)/,,,,本国话；方言；土语；（建筑的）民间风格,本国语的,,,,,vascular,dialect,mandarin
vet,945,/vet/,,审查，仔细检查,,兽医,,,,,,vat；vast；vest；veteran,veterinarian；doctor,
condition,1351,/kənˈdɪʃn/,,训练；使适应，使习惯于；对……有重要影响,,状况，状态；环境，形势；条件，前提,,,,,,conduction,stipulation；acclimatize,
incoming,3088,/ˈɪnkʌmɪŋ/,,,,收入,进来的,,,,,,earning；revenue,outgoing；expense；expenditure
acid,44,/ˈæsɪd/,,,,酸,酸的；尖刻的,,,,,asset；aside,sour；tart,sweet
sledge,354,/sledʒ/,,,乘雪橇,雪橇,,,,,,slash,sleigh；luge,
roam,105,/rəum/,随便走，漫游；徜徉；漫谈某事,,,漫步；徘徊,,,,,,rome,wander；rove；stray,settle
hurdle,140,/ˈhɜːdl/,越过障碍,,,障碍；跳栏,,,,,,handle；hurtle,obstacle；block；snag；jump；leap,help；aid；assist
damp,209,/dæmp/,,使潮湿；减弱，抑制；（使）沮丧,,潮湿，湿气,潮湿的,,,,,damn；dump,wet；moist；humid；dank；drench,dry；arid
staff,4148,/stɑːf/,,为……配备人员；任职于,,全体职工，工作人员；棒；（军队的）全体参谋人员,,,,,,stuff,personnel；team；faculty；work,
throughout,1814,/θruːˈaut/,,,,,,,各处；遍及；在整个……期间,,,threw out,through；during；all over；allways,
poll,1528,/pəul/,对……进行民意测验；获得……选票,,,民意测验；政治选举，大选,,,,,,pole；pool,survey；census；referendum,
document,10039,/ˈdɔkjumənt/,,用文件（或文献等）证明；记载,,公文，文件，证件,,,,,,detriment,file；record,
bump,4445,/bʌmp/,碰，撞；颠簸着前进,,,碰撞；隆起物,,,,,,bomb；dump；bum,strike；jolt；lump；swell,dent；recess
spit,1299,/spɪt/,吐唾沫（或痰）；喷出,,,唾液，唾沫,,,,,,spite,yuck；pshaw；saliva,swallow
hive,1363,/haɪv/,（使）入蜂箱；群居,,,蜂房，蜂箱；蜂房内的蜂群；闹市，忙碌之地,,,,,,have；heave,honeycomb；nest,
pledge,4077,/pledʒ/,正式承诺；发誓，保证；抵押，典当,,,誓约，保证；抵押,,,,,,plunge,promise；vow；swear；guarantee；oath,
witness,11166,/ˈwɪtnɪs/,目击；为……作证,,,证据；目击者,,,,,,weakness,see；observe；behold；spectator；bystander,
stereo,3658,/ˈsterɪəu/,,,,立体声（装置）,立体声的,,,,,steroid,hi-fi,mono
screen,5563,/skriːn/,,掩蔽，遮蔽；包庇；筛选；放映（电影），播放（电视节目）,,屏幕，银幕；遮蔽；屏风，帘；筛子,,,,,,scream,monitor；test；instpect；conceal；separate,
fund,11268,/fʌnd/,,为……提供资金，给……拨款,,基金，专款；储备，蕴藏；存款，资金,,,,,,fond；find；font,supply；sponsor；finance；support；back,divestment
schedule,17165,/ˈʃedjuːl/,,安排；列入，收进（清单等）,,时刻表；清单,,,,,,scandal,agenda；timetable；arrange；organize,cancel；improvise；impromptu
referee,225,/ˏrefəˈriː/,裁判；仲裁，调停,,,裁判（员）；仲裁人，调停人；证明人，介绍人,,,,,,refereed；refugee,arbitrator；adjudicate；juge,
detour,160,/ˈdiːtuə(r)/,迂回，绕道,,,弯路，便道,,,,,,detail,bypass；deviation；diversion,straight
jumble,270,/ˈdʒʌmbl/,,混杂，掺杂,,混杂，掺杂；供义卖的旧杂货,,,,,,juggle,mess；junk；muddle；heap；clutter；shuffle；strew,tidy；neat
female,30364,/ˈfiːmeɪl/,,,,女子,女（性）的；雌的,,,,,feminine,woman,male
brand,1874,/brnd/,,铭刻，打烙印于；丑化,,商标；品牌,,,,,,bread；band,trademark；label；imprint,
cheat,750,/tʃiːt/,欺骗；作弊,,,欺骗；骗子,,,,,,cheek；sheet,deceive；trick；swindle；defraud；charlatan,genuine；authentic
flash,2016,/flæʃ/,闪光，闪耀,,,闪烁；闪光灯,,,,,,flesh；fush,glint；sparkle；flaunt；showy；glitter；shimmer；flare,gloom；obscure
sanitary,905,/ˈsænɪtrɪ/,,,,（有卫生设备的）公共厕所,清洁的；保健的，卫生的,,,,,senator；solitary；sanity,hygienic；clean；disinfected,insanitary；dirty
primitive,898,/ˈprɪmɪtɪv/,,,,原始人；原始事物,原始的，上古的；简单的，粗糙的,,,,,premium,crude；rudimentary；archaic,modern
stake,2436,/steɪk/,,以……打赌；拿……冒险,,桩；火刑柱；利害关系；股份；赌金,,,,,,steak；stick,bet；wager；post；investment；gamble,
barge,698,/bɑːdʒ/,猛撞；闯,,,驳船,,,,,,bulge；budget；bargain,rush；charge,
slat,732,/slæt/,,用板条制作,,板条，狭板,,,,,,slight；slot；slut,plank；lath；batten,
cork,64,/kɔːk/,,用软木塞塞住,,软木塞,,,,,,cock,lid；stopper；plug,
reward,6183,/rɪˈwɔːd/,,酬谢；奖励,,奖赏；报酬,,,,,,rewind,prize；award,penalize；punish；fine
native,4562,/ˈneɪtɪv/,,,,本地人，本国人,当地（人）的,,,,,negative,local；resident；aboriginal；indigenous,foreigner；alien
service,3155,/ˈsɜːvɪs/,,维修，保养,,服务，帮助；公共设施，公用事业；维修，保养；行政部门，服务机构,,,,,,surface,work for,
scrap,1546,/skræp/,,废弃；抛弃,,碎屑,,,,,,scrape,abandon；ditch；piece；fragment,reconciliation
rival,2130,/ˈraɪvl/,,与……竞争；与……匹敌，比得上；竞争，对抗,,竞争者，竞争对手；可与匹敌的人（或物）,竞争的，对抗的,,,,,revel；revolve,competitor；opponent；enemy；contest,friend；ally
compact,693,/kəmˈpækt/,,使紧凑，压缩,,,紧密的，结实的；简明的；紧凑的,,,,,combat,dense；solid；compress；squeeze；squash；contract；pact；treaty,uncompress；loose
clutch,2196,/klʌtʃ/,企图抓；抓紧,,,离合器；控制,,,,,,clash,catch；clasp；grab；clench；handbag,
chart,1980,/tʃɑːt/,,记录；用图表表示；制图,,图，图表；海图,,,,,,chat,diagram；graph,
occasion,455,/əˈkeɪʒn/,,引起，惹起,,时刻，时候；场合；重大（或特殊）活动，盛会；时机，机会；起因，理由,,,,,,occupation,time；juncture；accident；chance,
summary,7449,/ˈsʌmərɪ/,,,,摘要，概要,概括的，简略的,,,,,submarine,brief；conclusion,expansion
remove,151,/rɪˈmuːv/,,排除，消除；搬迁，移动；开除，解除,,距离，间距,,,,,,removal；remote,delete；rid；eliminate；eradicate,add
coach,17299,/kəutʃ/,,训练；辅导,,教练；指导；长途汽车,,,,,,couch,trainer；teacher；tutor；instructor；teach；train,
tramp,456,/træmp/,跋涉；踩踏,,,长途跋涉,,,,,,trump,trudge；trek；stamp,
amount,4319,/əˈmaunt/,,,合计,总额,,,,,,account,quantity；sum；total,
crank,1385,/kræŋk/,,用曲柄转动某物,,曲柄，曲轴,,,,,,crack,eccentric；reel,
bunch,835,/bʌntʃ/,集中，挤在一起；使成一束（或一群等）,,,群，伙；束，串，捆,,,,,,bench；brunch,group；cluster；huddle,disperse
scare,1608,/ˈskeə(r)/,吓，使害怕；受惊吓，感到害怕,,,惊恐，恐慌,,,,,,scarce；stare；stair；smear,fright；terrify；petrify,appease；pacify；calm
juvenile,1046,/ˈdʒuːvənaɪl/,,,,未成年人，少年,少年的，少年特有的；幼稚的，不成熟的,,,,,souvenir；seminar,teenager；young；adolescent；immature；childish,adult；mature；grown-up
freight,131,/freɪt/,,运送（货物）；货运,,货物,,,,,,fright,transport；shipping；delivery,
steam,1613,/stiːm/,发出蒸汽；（火车、轮船）行驶；用蒸汽开动,,,（蒸）汽，汽雾,,,,,,scheme；stream,vapor,
valuable,13574,/ˈvæljuəbl/,,,,贵重物品，财宝,贵重的，有价值的,,,,,variable；vulnerable,precious；costly；expensive；priceless；useful,worthless；useless
dash,2864,/dæʃ/,飞奔，猛冲；猛掷；使破灭，使沮丧,,,飞奔，猛冲；破折号；精力，干劲,,,,,,Dutch,rush；break；knock；throw；surge；charge；hurl；fling,
campaign,5823,/kæmˈpeɪn/,,,参加活动；作战,战役；活动,,,,,,camping,war；battle；election；movement；promotion,
spot,12187,/spɔt/,,认出，发现；看见，注意到,,地点，处所；斑点，污点；少量,,,,,,sport；spat,stain；find；detect；recognize；identify,
subsidiary,437,/səbˈsɪdɪərɪ/,,,,子公司；附属机构；支流,次要的；辅助的，附设的,,,,,subsidize,subordinate；subcompany；pertain,parent company
pattern,295,/ˈpætn/,,构成图案；使形成，促成,,样式；模式,,,,,,patent,design；figure,
ration,641,/ˈræʃn/,,配给，定量供应,,配给量，定量；给养，口粮,,,,,,Russian；radiation,limit；restrict；control；regulation；curb；quota,unlimited
snap,1022,/snæp/,咔嚓折断，啪地绷断；（啪的一声）打开（或关上）；咬；厉声说话，怒声责斥,,,咔嚓声,突然的，匆忙的,,,,,snub；slap；snack,break；crack；shatter；sudden,
express,1141,/ɪkˈspres/,,表达，表示,,快车，快运，快递,特快的，快速的；明确的,,,,,suppress,say；speak；state；articulate；courier；fast,slow
register,4819,/ˈredʒɪstə(r)/,注册，登记,,,注册，登记；登记表,,,,,,roster,enter；list；enrol；join,unregistered
rot,916,/rɔt/,（使）腐烂,,,腐烂,,,,,,rod；rat,decay；decompose；corruption,fresh
divide,3129,/dɪˈvaɪd/,分开，分隔；分配，分享；除（以）,,,分歧，差异；分界线，分水岭,,,,,,devoid,separate；split；watershed,join；unite；converge
chip,1357,/tʃɪp/,削（或凿）下（屑片或碎片）,,,碎片；芯片；瑕疵,,,,,,cheap,piece；crumb；flaw；fragment,
polish,1845,/ˈpɔlɪʃ/,磨光，擦亮；使优美，润饰,,,擦光剂，上光蜡,,,,,,punish,gloss；shine；refine；burnish,tarnish
wonder,135,/ˈwʌndə(r)/,诧异，奇怪；纳闷，想知道,,,惊奇，惊异；奇迹，奇事,,,,,,wander；wound；wand,surprise；curious；speculate；conjecture,
influence,23145,/ˈɪnfluəns/,,影响,,影响力；产生影响力的人,,,,,,influx；fluency,affect；effect；induce；impact,
splint,96,/splɪnt/,,用夹板夹,,细木梗；[医]（用于固定受伤肢体的）夹板,,,,,,split；sprint,bandage；strap；plate；clam,
foam,232,/fəum/,,,起泡沫,泡沫；泡沫材料,,,,,,form,bubble；froth,
format,795,/ˈfɔːmt/,,使格式化,,安排，计划；版式；格式,,,,,,ferment,arrange；configure；organize；setup；layout,
complex,10311,/ˈkɔmpleks/,,,,综合体，集合体；建筑群；情结,合成的，综合的；复杂的，难懂的,,,,,complain,complicate；difficult；obscure,simple
prey,697,/preɪ/,,,捕食；折磨，使烦恼；掠夺,猎物，捕获物；牺牲品，战利品,,,,,,pray,quarry；victim,predator
catalogue,546,/ˈkætəlɔg/,,编目录；记载,,目录；系列,,,,,,catalog,directory；list,
screw,2995,/skruː/,用螺钉固定,,,螺丝（钉）,,,,,,crew,twist；rotate；bolt；coil,unscrew
tutor,685,/ˈtjuːtə(r)/,（给……）当家庭教师,,,导师；家庭教师,,,,,,tumor,mentor；Guru；teacher；educator；instructor,
thunder,1076,/ˈθʌndə(r)/,打雷；轰隆响,,,雷；雷声,,,,,,sounder,rumble,lightning
account,20759,/əˈkaunt/,说明，解释；（在数量、比例方面）占；导致,,,账，账户；叙述，说明,,,,,,accountant；amount,report；record；description,
venture,4823,/ˈventʃə(r)/,敢于去；拿……冒险，冒……的险,,,风险投资，（商业等的）风险项目,,,,,,vender,risk；hazard,
comment,14115,/ˈkɔment/,注释，评论,,,注释，评论，意见,,,,,,common；commitment,remark；review；note；criticise,
flame,388,/fleɪm/,发火焰，燃烧,,,火焰；强烈的感情,,,,,,frame,fire；burn；blaze；glow；flare,
stammer,98,/ˈstæmə(r)/,口吃,,,结巴，口吃,,,,,,stomach,stumble；stutter；falter；impediment,fluent；smooth；eloquent；articulate
swamp,1204,/swɔmp/,,淹没；使应接不暇,,沼泽,,,,,,swap；swarm,marsh；wetland；bog；,drain；aridity
favour,164,/ˈfeɪvə(r)/,,赞同；较喜欢，偏袒；有利于,,帮忙；偏爱；赞同；恩惠,,,,,,favorite；fever,prefer；choice；fond,reject；dislike；disgust；aversion；detest
grip,5149,/grɪp/,握紧，抓牢；吸引住……的注意力（或想象力等）,,,紧握，抓牢；掌握，控制,,,,,,grape；gripe,grasp；hold；catch；seize,release；loosen
opposite,906,/ˈɔpəzɪt/,,,,对立面，对立物,对面的，对立的；相反的，相对的,,在……对面,,,apposite,couterpart；conflict；converse；inverse,
harness,1697,/ˈhɑːnɪs/,,控制，利用；上马具,,马具,,,,,,harvest,horse gear,
bent,118,/bent/,,,,爱好，天赋,被弄弯的，弯曲的,,,,,bend,twist；curve；bow,straight；honest
stitch,1703,/stɪtʃ/,,缝，缝合,,一针，针脚,,,,,,ditch,sew,
manual,3061,/ˋmænjʊəl/,,,,手册，指南,手的，手工的，体力的,,,,,menu,guide；handbook；instruction；hand driven,auto；automatic
scheme,497,/skiːm/,计划，策划；密谋,,,计划，方案；体系，体制；阴谋,,,,,,skim,plot；conspire；intrigue；plan；conspiracy,
overwork,107,/ˏəuvəˈwɜːk/,使劳累过分；对……使用过度；滥用（词等）,,,过重的工作；工作过度,,,,,,,burn；overdo,out of work；unemployment
menace,335,/ˈmenəs/,,威胁到，危及,,威胁；危险的人（或物）,,,,,,minus,threat；threaten；danger；endanger；frighten；intimidate,protect；guard；defend；ward
position,6822,/pəˈzɪʃn/,,安放，安置,,位置，方位；职位，职务；姿势，姿态；见解，立场,,,,,,petition；possession,location；site；posture；stance；rank；place；job,
scratch,3649,/skrætʃ/,抓，掻；划破，划损,,,划伤，抓痕,,,,,,stretch；sketch,itch；cut；scrape；graze；score；nick,
veil,690,/veɪl/,,蒙着面纱；掩饰,,面纱；遮蔽物,,,,,,vale；whale,mask；blanket；cover；conceal,reveal；expose
parallel,1825,/ˈpærəlel/,,与……相似；比得上,,可相比拟的事物（或人），相似处；纬线,平行的；类似的，相对应的；并行的,,,,,parole,counterpart；simultaneous；equal,unparalleled；intersection
institute,2401,/ˈɪnstɪtjuːt/,,建立，设立,,研究所，学院,,,,,,constitute,organization；institution；establishment；foundation；establish；found,
serial,736,/ˈsɪərɪəl/,,,,连续剧,连续的；顺序排列的,,,,,cereal；serious,soap；series；show；continuous；sequential；successive；consecutive,discontinuous
however,151837,/hauˈevə(r)/,,,,,,无论如何，不管怎样；可是；仍然,,不管用什么方法，然而,,whoever,but；though；while；yet；nevertheless,
retail,1165,/ˈriːteɪl/,零售，以……价格销售,,,零售,,,,,,retain,sell；sale；vend；trade,
remark,5674,/rɪˈmɑːk/,评论，谈论；注意到，察觉,,,评语，评论；注释,,,,,,,review；comment,
filter,6659,/ˈfɪltə(r)/,过滤；（消息等）走漏,,,过滤器,,,,,,,leach；percolate；separate；sort；screen,mix；mingle；blend
effect,2850,/ɪˈfekt/,,使产生，招致；实现,,作用，影响；结果；效果,,,,,,affect,influence；result；outcome,
stem,7221,/stem/,,止住，抑止，堵住，阻止,,茎；（树）干；词干,,,,,,stamp,stalk；trunk；twig；branch；stop；curtail；halt,
label,8561,/ˈleɪbl/,,贴标签于,,标签，标记；称号；绰号，外号,,,,,,liberal,tag；mark；stamp,
guarantee,5567,/ˏgærənˈtiː/,保证；允诺,,,保证；担保物,,,,,,guaranted,promise；pledge；secure；warrant；assure；ensure,
wax,1342,/wæks/,给……上蜡，给……打蜡；（月亮）渐圆，渐满,,,蜡；蜂蜡,,,,,,wreck,candle,
check,20452,/tʃek/,检查，核对；阻止，制止,,,检查，核对；制止，抵制；支票，帐单,,,,,,Czech；cheque,test；ensure；bill；inspection,unchecked
blend,3711,/blend/,（使）混合，（使）混杂,,,混合物；混合，交融,,,,,,bland；bend,mix；mixture；mingle,separate；split；apart
course,827,/kɔːs/,追猎；运行；流动,,,过程，进程；路线，方针；跑道；课程,,,,,,curse；cause；coarse,lesson；direction；route；dish；process；pitch,
match,13085,/mætʃ/,匹配，相称,,,火柴；比赛，竞赛；对手，敌手,,,,,,much；mash,competition；game；contest；adapt；compatible,clash；differ；incompatible
pedal,1792,/ˈpedl/,骑车；踩踏板,,,踏板,,,,,,peddle；paddle；puddle；pebble,lever；treadle；footboard；ride,
resident,3158,/ˈrezɪdənt/,,,,居民，住户,常驻的，居住的,,,,,resonant；relevant；resistant,inhabitant；dweller；occupant；tenant；native；local；indigenous；aboriginal,foreigner；alien；visitor
gorge,257,/gɔːdʒ/,狼吞虎咽，塞饱,,,山峡，峡谷,,,,,,George,valley；canyon；devour；guzzle；overeat,nibble；diet
seal,7087,/siːl/,,封，密封,,封铅，封条；印，图章；海豹,,,,,,ceiling；sale,stamp；enclose,
besides,11389,/bɪˈsaɪdz/,,,,,,而且,除……之外,,,decide,also；above；in addition,
exclusive,8098,/ɪkˈskluːsɪv/,,,,独家新闻,奢华的；独有的；排他的,,,,,explosive,unique,inclusive
release,16929,/rɪˈliːs/,,释放，解放；发表，发行,,释放；发表，发布；排放，泄露,,,,,,realise,free；relief；liberate；loosen；publish；issue,hold；withhold；conceal
original,1422,/əˈrɪdʒənl/,,,,原物，原作,最初的，原始的；新颖的，有独创性的,,,,,orange,first；initial；previous；genuine,copy；last；unoriginal；plagiarism；steal
vertical,203,/ˈvɜːtɪkl/,,,,垂直线,垂直的；竖式的,,,,,versatile；verdict；volatile,upright；perpendicular；plumb,horizontal
flat,954,/flæt/,,,,单元住宅,平的；（价格）固定的,,,,,flight,suite；studio；penthhouse；apartment；surface；even,uneven；deflated
static,309,/ˈstætɪk/,,,,静电；[-s]静力学,静止的，静态的；呆板的,,,,,statistic,still；motionless；stationary；inert；stagnant,moving；dynamic；active
scale,3400,/skeɪl/,,攀登，爬越,,规模，大小；天平，磅秤；刻度，标度；（鱼等的）鳞；（音乐）音阶；等级，级别；比例（尺）,,,,,,skill；stale,mark；size；clibration,
overseas,3441,/ˏəuvəˈsiːz/,,,,,在海外的,在海外,,,,oversee,abroad；foreign,domestic
fracture,750,/ˈfræktʃə(r)/,（使）断裂,,,断裂，折断；骨折,,,,,,fraction,break；crack；fissure；rift；rupture；shatter；split,repair；mend；heal；recover
dock,1328,/dɔk/,（使）靠码头,,,码头,,,,,,duck；doc,berth；moor；park；anchor,leave；depart；launch
premium,2214,/ˈpriːmɪəm/,,,,（投保人向保险公司支付的）保险金；额外费用，加付款；奖品，赠品；额外津贴,高级的，优质的；售价高的,,,,,premiere；premier,high-end；high-grade,low-end；low-grade
material,907,/məˈtɪərɪəl/,,,,材料；素材,物质的；重要的,,,,,meteoroid,stuff；matter；data；documents,
chill,134,/tʃɪl/,（使）变冷，冷藏,,,寒意；寒战；寒心,寒冷的；扫兴的,,,,,trail；child,cool；cold；freeze；icy；fear,warm；hot
multinational,356,/ˏmʌltɪˈnæʃnəl/,,,,跨国公司,多国的，多民族的；跨国公司的,,,,,,international；global；worldwide,local
crash,9865,/kræʃ/,碰撞；冲，闯；倒下，坠落；发出撞击（或爆裂）声；垮台，破产,,,碰撞；坠落，坠毁；破裂声，撞击声,速成的,,,,,crush,collide；collapse；iimpact；bump；shock；strike；collision,
epidemic,79,/ˏepɪˈdemɪk/,,,,流行病,流行性的,,,,,endemic,plague；outbreak；contagion；widespread；prevalent；rampant,
mock,2029,/mɔk/,嘲笑，嘲弄,,,嘲弄；模仿，仿制品,假的；模拟的,,,,,mark；muck,deride；simulated；imitation；mimic；parody；impersonate,
magic,8143,/ˈmædʒɪk/,,,,魔法，法术；魅力，魔力,有魔力的，神奇的,,,,,metric；medic,sorcery；conjure；trick,
slip,3955,/slɪp/,滑到，失足；减退；摆脱，闪开；塞入,,,差错，疏漏；滑到；纸片,,,,,,sleep,slide；glide；fall；mistake；omission,
volunteer,7426,/ˏvɔlənˈtɪə(r)/,自愿做，无偿做,,,志愿的,志愿的，义务的，无偿的,,,,,voluntary,initiative；offer；undertake,involuntary
terminal,2025,/ˈtɜːmɪnl/,,,,终点，终端；终点站，航站楼,末端的,,,,,terminate,fatal；incurable；lethal；station；airport,start；curable
structure,2728,/ˈstrʌktʃə(r)/,,系统安排；精心组织,,结构；构造；建筑物,,,,,,sculpture,construct；organize；configure；arrange；arrangement；organization；construction,
blast,4884,/blɑːst/,爆破，炸毁,,,一阵（大风）；冲击,,,,,,bastard,blow up；explode；detonate；explosion；detonation；flash；gust,
preface,984,/ˈprefɪs/,,为……写序言；以……为开端,,序言，引言,,,,,,preference,prefix；precede；begin；start；introduction；prologue；prelude,end；epilogue
profile,1632,/ˈprəufaɪl/,,扼要介绍；写传略（或简介）,,面部的侧影，侧面轮廓；传略，人物简介,,,,,,profit,outline；summarize；contour,
spice,788,/spaɪs/,,使增添趣味；往……加香料,,香料，调味品,,,,,,space,season；flavour；flavor；condiment；fragrance,blandness
bore,1024,/bɔː(r)/,使厌烦；钻孔,,,令人讨厌的人（或事）,,,,,,boar；born,drill；tedious；weary,cute；interest
plush,245,/plʌʃ/,,,,长毛绒,豪华的，舒适的,,,,,plus；push,lush；luxurious；luxury；expensive；lavish,primitive；crude；humble；shabby；simple
initial,143,/ɪˈnɪʃl/,,,,词首大写字母,最初的，开始的；词首的,,,,,issue,first；original；beginning,final；end；last
charter,722,/tʃɑːtə(r)/,,包租（飞机，船等）；特许设立，给……发许可证，给予特权,,纲领，宣言；宪章；包租,,,,,,chapter；chatter；charger,contract；licence；commission；rent；lease,
draft,6744,/drɑːft/,,起草，草拟；选派，抽调；征募，征召……入伍,,草稿，草案；汇票；征兵，服役；通风，气流,,,,,,drift；craft,sketch；compose；write；draw,
stream,3367,/striːm/,流出,,,溪流；一股,,,,,,steam,flow；gush；spill；watercouse；brook；river；live,
sleek,63,/sliːk/,,使（毛发等）光滑发亮,,,（毛发等）光滑而有光泽的；时髦的；豪华的,,,,,slick；sleet；sneak,smooth；shiny；glossy；silky,unsmooth；rough；coarse；harsh；rude；crude；rugged
derelict,76,/ˈderəlɪkt/,,,,遗弃物；无家可归者，社会弃儿,被抛弃的；衰退的，破败的,,,,,dialect,ruin；neglect；obsolete,
leaflet,912,/ˈliːflɪt/,散发传单（或小册子）,,,传单，散页印刷品；小册子,,,,,,lift,booklet；brochure；pamphlet；flyer；handout,
hatch,1846,/hætʃ/,孵出，孵化；策划,,,（门、地板或天花板上的）开口；（飞机等的）舱门,,,,,,hash,incubate；brood,
track,12916,/træk/,跟踪，追踪,,,小路；跑道,,,,,,trek,trail；path；trace；follow；hunt；chase；pursue；stalk,
crawl,760,/krɔːl/,,,爬，爬行；缓慢进行,缓慢（或费力）的进行；自由泳,,,,,,crown；clown；crow；cruel,creep,
spoil,3434,/spɔɪl/,损坏，破坏，糟蹋；宠坏，溺爱；（食物）变质,,,战利品，掠夺物，赃物,,,,,,spew；spill,ruin；indulgent,strict；rigor；stern
lower,18645,/ˈləuə(r)/,降低，减少,,,,较低的；下面的,,,,,,decrease；drop；cut；inferior；reduce；diminish；lessen,higher；raise
mess,4334,/mes/,弄糟，搞乱,,,凌乱,,,,,,mice；mass,untidiness；muddle；chaos；clutter,tidiness；order
design,52946,/dɪˈzaɪn/,设计；谋划，构思,,,设计，构想；图样，图案；企图，图谋,,,,,,desire,create；invent；conceive；devise；pattern,
commission,3711,/kəˈmɪʃn/,授权，委托,,,委托；佣金,,,,,,commercial,assign；assignment；appoint；authorize；contract,
issue,20962,/ˈɪʃuː/,,颁布；发行；流出；分发，发给,,问题，争论点；发行；（报刊的）一期；分发，流出,,,,,,assure,publish；announce；problem,withdraw
swallow,1309,/ˈswɔləu/,吞咽；忍受,,,燕子,,,,,,swollen,devour；gulp,vomit；reject；spew
stuff,8452,/stʌf/,,填进；让……吃饱,,原料，材料,,,,,,staff,thing；material；fill；cram,
subordinate,505,/səˈbɔːdɪnət/,,使处于次要地位，把……列在下级；使服从,,下属,下级的；次要的,,,,,,secondary；lesser；minor；subsidiary；inferior；assistant,superior；above；higher；parent
sacrifice,6153,/ˈsækrɪfaɪs/,牺牲，献祭,,,牺牲，牺牲品；献祭，供奉；祭品，供物,,,,,,satisfy；synchronise,give away,
fancy,1275,/ˈfænsɪ/,,想象,,想象力,别致的,,,,,frenzy；fantasy,dream；magic；fantasy；illusion；imagine,plain；blank；dull；flat；bland
gleam,945,/gliːm/,,,闪烁；流露,闪光,,,,,,glim；glean,burn；glow；shine；beam,
sole,1978,/səul/,,,,鞋底，袜底；脚底,唯一的，独有的,,,,,so；soul；solemn,only；solitary；single；exclusive；peculiar；unique,
fitting,1627,/ˈfɪtɪŋ/,,,,试穿；装置,适合的,,,,,feeding,appropriate；suitable；right；correct,inappropriate；wrong；incorrect
ritual,3638,/ˈrɪtʃuəl/,,,,典礼，（宗教等的）仪式；例行公事，老规矩,作为仪式一部分的，仪式的；例行的,,,,,Rachel,rite；procedural；ceremonious；formal；customary；rite；ceremony,
preliminary,188,/prɪˈlɪmɪnərɪ/,,,,初步做法，起始行为,开端的，预备的，初步的,,,,,primary；precautionary,beforehand；in advance,final
jerk,4714,/dʒɜːk/,使猝然一动；猛拉,,,急推，急扭；抽搐,,,,,,joke,bastard；asshole；pull；tug；jolt；bump,
sponge,308,/spʌndʒ/,用湿海绵（或布）擦，揩,,,海绵,,,,,,spouse,foam；loofa；clean；wipe,
cap,2477,/kæp/,,盖在……上面,,帽子,,,,,,cup；cop；tap,lid；ceiling；cover；top；stop,bottom
pressure,2846,/ˈpreʃə(r)/,,对……施加压力（或影响）；迫使，说服,,压力，压强；强制，压迫,,,,,,precious,force；weight；vurden；compression；stress；tension,
heap,1449,/hiːp/,,（使）成堆,,（一）堆；大量,,,,,,hip,pile；mound；mass；bundle,
frame,7742,/freɪm/,,给……镶框,,框架,,,,,,fame；flame,framework；outline；structure；border；layout,
foster,6728,/ˈfɔstə(r)/,培养，培育（某物）；鼓励，促进；领养,,,,收养,,,,,forest,nurture；look after；substitute,abandon；forsake
leap,8966,/liːp/,跳；冲,,,跳跃；激增,,,,,,lip,soar；fly；jump；hurdle；bounce；hop,
underneath,90,/ˏʌndəˈniːθ/,,,,下部,,在下面,在……下面,,,,beneath；below；under；bottom；foundation,above；top；upward
alternative,14204,/ɔːlˈtɜːnətɪv/,,,,可供选择的事物,可供替代的；非传统的，另类的,,,,,ultimate,another；replacement；substitute；change；option,conventional；regular；standard；mainstream
access,7524,/ˈækses/,,进入；使用,,通道，入径；机会；权利,,,,,,axis；assess,get into；entrance；entry；approach；enter；insert,
claim,31046,/kleɪm/,要求；声称，主张；索赔,,,要求；主张，断言；索赔,,,,,,acclaim；clam,assert；say；assertion；statement；allege,disclaim
tan,882,/tæn/,（使）晒成棕褐色，晒黑；硝（皮）,,,棕褐色；晒黑,,,,,,ton,brown；sunburnt；suntan；colour,pale
guinea,0,/ˈgɪnɪ/,,,,几尼（英国的旧货币单位，现值1.05镑）,,,,,,Gini,Republic of Guinea,
cable,645,/ˈkeɪbl/,（给……）发电报,,,缆绳；电缆；电报,,,,,,capable,wire；chain,
wedge,1925,/wedʒ/,,楔入,,楔子，楔形,,,,,,wage,lodge；fix；jam；cram；segment；block；chock,
cast,1660,/kɑːst/,投射（光、视线等）；把……加于；投，扔；丢弃，剔除；脱落，蜕（皮）；浇铸，铸造,,,演员表，全体演员；石膏绷带；铸模，铸件；外貌，特征,,,,,,cost,actors；throw；hurl；produce；generate；mould,
uniform,3851,/ˈjuːnɪfɔːm/,,,,制服,相同的；一致的,,,,,uninformed,costume；cloth；consistent；identical,different；inconsistent
hiccup,111,/ˈhɪkʌp/,,,打嗝,嗝，呃逆；暂时（或小的）困难（或挫折）,,,,,,hike,belch；hitch；glitch；interruption,
tease,363,/tiːz/,逗乐，奚乐，戏弄；强求,,,挪揄，戏弄，取笑；逗弄者，取笑者,,,,,,tedious,joke；laugh；mock；teaser；mocker,
contact,15858,/ˈkɔntækt/,,与……取得联系，联络,,接触；联系,,,,,,contract,touch；connect；call；communicate；mail,intact
contrary,779,/ˈkɔntrərɪ/,,,,相反,相反的,,,,,country,opposite；inverse；converse；reverse；conflict；opposing,obedient；submissive；compliant；compativle
alert,1699,/əˈlɜːt/,,警告,,警戒；警报,警惕的,,,,,assert,warn；notify；watchful；attentive；alarm；siren,careless；distract；reckless
shift,16423,/ʃɪft/,移动，转移；改变，转变,,,转换，转变；轮（或换）班,,,,,,shaft,move；change；transfer；alter；modify,constant
monitor,12423,/ˈmɔnɪtə(r)/,,监视；监测,,班长；监视器,,,,,,monument,display；inspector；screen；check；censor；examine；observe,
sketch,2595,/sketʃ/,画素描；概述,,,素描；速写,,,,,,scratch,draw；outline；draft；plan；rough；brief；summary,
lag,1311,/læg/,走得慢；落后,,,（时间上的）间隔；滞后,,,,,,leg,delay；postpone；defer；retard；slow,fast；speed
trigger,5120,/ˈtrɪgə(r)/,,引发，导致,,扳机,,,,,,trick；intrigue,activate；set off；cause；generate；start；detonate,halt
supply,14344,/səˈplaɪ/,,供给，供应；满足（需要），弥补（不足）,,供给，供应（量）；存货，必需品,,,,,,surplus,provide；bring；give；source；accommodate；raise；support,receive
interest,2478,/ˈɪntrəst/,,使感兴趣,,兴趣；利息；利益,,,,,,increase,attract；draw；appeal；fascinate；attention；notice；amuse；fun,
arable,302,/ˈærəbl/,,,,耕地,可耕作的,,,,,Arabic；album,farmable；cultivable,uncultivated；wastland
split,2778,/splɪt/,（使）分裂，分享；（被）撕裂，裂开；劈开；分担，分享,,,裂口；分化，分裂,,,,,,slit；splint；spit,tear；division；divide；riven；cleft,reunion；join；united；undivided
manoeuvre,34,/məˈnuːvə(r)/,移动，转动；操纵，控制,,,移动；策略，手段,,,,,,manual；manure,manipulate；contrive；control；rehearsal,
pumice,181,/ˈpʌmɪs/,,用浮岩磨,,浮石，浮岩,,,,,,promise,floatstone,
harbour,58,/ˈhɑːbə(r)/,停泊；隐匿,,,港湾,,,,,,hover；harbor,port；dock；haven；shelter,
hybrid,3216,/ˈhaɪbrɪd/,,,,杂交生成的生物体，杂交植物（或动物）；杂种，混血儿；混合物，合成物,杂交产生的；混合的，合成的,,,,,highbred,mix；crossbreed,purebred；pure
mate,1344,/meɪt/,交配，配种,,,配偶；伙伴；（商船上的）大副,,,,,,made；maid,assistant；buddy；colleague；coworker；couple；check,rival； enemy；competitor
mass,562,/mæs/,聚焦,,,团，众多；群众，民众,大量的,,,,,mess,quantity；block；public；gether；assemble,
bypass,2515,/ˈbaɪpɑːs/,,绕过,,（绕过市镇的）旁道,,,,,,by-path,detour；diversion；avoid；evade,
load,11744,/ləud/,装载；装（胶卷、弹药等）,,,负荷；装载,,,,,,loud,fill；pck；insert；burden；weight；shipment；charge,unload；eject；discharge；dump；relief
bubble,1636,/ˈbʌbl/,,,冒泡，起泡；发出冒泡的声音,泡，泡沫；气泡；幻想的计划,,,,,,Bible,foam,
sample,4639,/ˈsɑːmpl/,,从……抽样，采样；品尝,,样品，样本,,,,,,simple,example；specimen；trial；test,
gang,436,/gæŋ/,结成一伙,,,一帮,,,,,,gun,mob；band；criminal；gangster；mafia,
string,2535,/strɪŋ/,,（用绳等）缚；扎；挂；（用线）串起；使排成一列,,线；弦；细绳；一串,,,,,,sting,cord；thread；rope；lace,
litter,2329,/ˈlɪtə(r)/,使乱七八糟；乱扔,,,废弃物，垃圾；一窝幼崽,,,,,,later；letter；liquor,waste；trash；rubbish；garbage；junk；threw；scatter,
mushroom,485,/ˈmʌʃrum/,,,迅速成长（或发展）,蘑菇,,,,,,martial；marshal,fungi；fungus；grow,decline
elite,1106,/eɪˈliːt/,,,,精英，中坚,卓越的，精锐的,,,,,alien,best；lead；top；chosen,crowd
award,8257,/əˈwɔːd/,,授予；给予,,奖；评判；授予,,,,,,upward；reward,reward；honour；honor；gift；prize；grand；confer,
intent,2541,/ɪnˈtent/,,,,意图，意向，目的,专心的，专注的；急切的,,,,,intend,focused；concentrated；inclined；intention；aim；target；objective；purpose,accidental；unintentional
challenge,22324,/ˈtʃælɪndʒ/,,挑战；质疑,,挑战；质疑；艰巨任务，难题,,,,,,college,defy；confront；contest；encounter,obedience；compliance；obey；submit
dazzle,1181,/ˈdæzl/,使目眩；使倾倒,,,耀眼眩目；令人眼花缭乱的东西,,,,,,diesel,daze；confuse；overwhelm；blaze；dizzy,bore
bounce,1264,/ˈbauns/,弹起，反弹；（使）上下晃动,,,弹跳；反弹力；活力，精力,,,,,,bonus；bound,rebound；spring；elasticity,
characteristic,3056,/ˏkærəktəˈrɪstɪk/,,,,特性；特征,特有的；典型的,,,,,capitalistic,trait；feature；quality；attribute；typical；distinctive；identity；personality,uncharacteristic
strip,7521,/strɪp/,剥夺；夺去，使空无一物；拆卸，拆开,,,带状物；条纹；狭长地带，带状水域,,,,,,stripe,band；sliver；shred；ribbon；undress；deprive,dress
exhaust,2112,/ɪgˈzɔːst/,使非常疲倦，使疲惫不堪；用尽，耗尽,,,（机器排出的）废气，蒸汽,,,,,,exist,tire；fatigue；tailpipe,refresh；energetic；dynamic；vibrant
lobby,4411,/ˈlɔbɪ/,游说,,,大厅；游说团,,,,,,larvae,hallway；hall；foyer；canvassing；persuasion,
lease,2873,/liːs/,,出租，租用,,租约,,,,,,least,rent；hire；charter,
compromise,5824,/ˈkɔmprəmaɪz/,妥协，放弃（原则、理想等）；危及,,,妥协，折中办法,,,,,,comprise,concede；give in；yield；concession,uncompromising；confront；counter
essential,1262,/ɪˈsenʃl/,,,,要素；实质，本质；要点,本质的，基本的；必要的，必不可少的；极其重要的,,,,,ascension,necessary；vital；indispensable；important；fundamental,unnecessary；alternative；substitution
loop,1316,/luːp/,（使）成环，（使）成圈；成环形运动,,,圈环；环状物；环路；循环,,,,,,loaf,ring；circle；encircle；surroud,
premier,667,/ˈpremɪə(r)/,,,,总理；首相,首要的，第一位的；最著名的,,,,,premiere；premium,prime minister；leader；best；first,worst；last
pack,14523,/pæk/,（把……）打包，收拾（行李）；包装，包裹；塞满,,,包,,,,,,pact；pike,package；wrap；encase；bag,unpack
audit,1137,/ˈɔːdɪt/,,审计，查账；旁听,,审计，查账,,,,,,audio；audition,appraise；assess；examine；inspect；appraisal；assessment；check；examination；inspection,
spiral,1939,/ˈspaɪərəl/,盘旋上升（或下降）,,,,螺旋形的，盘旋的,,,,,sparrow；special,increase；fly；helix；screw；coil,
scout,2498,/ˈskaut/,侦察；寻找；搜索,,,侦察员（或机、舰）；童子军,,,,,,tout,spy；watch；detective；search；detect,
stack,6373,/stæk/,把……叠成堆，堆放于；堆积，堆起,,,整齐的一叠（或一堆）,,,,,,stick；stock,pile；heap；bunch,
squeeze,1454,/skwiːz/,压榨，榨取；捏，挤压；挤入，挤过；向……勒索,,,挤压，捏；紧缺，拮据，经济困难；减少，削减,,,,,,squid,press；fit in；extract；congestion,release；free
post-mortem,430,/ˏpəustˈmɔːtəm/,,,,检尸，尸体解剖；事后反思（或剖析）,事后的,,,,,postmodern,post analysis,prior；in advance；beforehand
blunt,401,/blʌnt/,,把……弄钝；使减弱,,,钝的；率直的,,,,,blond；bland,dull；diminish；direct；frank；straightforward,sharp；indirect
switch,7313,/swɪtʃ/,（使）改变，转变；转换；对调,,,开关；转换,,,,,,witch；stitch,control；button；change；shift,
steady,406,/ˈstedɪ/,（使）稳定，（使）平稳；（使）镇定,,,,稳步的；稳定的,,,,,study,stable；fix；support；strengthen,volatile；unstable；unsteady；uncertainty
glimpse,2106,/glɪmps/,,瞥见,,一瞥，一看,,,,,,blimp；gleam,glance；blink；peek,stare
invoice,703,/ˈɪnvɔɪs/,,给……开发票,,发票,,,,,,inventory,bill；receipt；inventory,
extra,1507,/ˈekstrə/,,,,,额外的；特别的,额外地，另外；特别地,,,,actress,more；additional；further；excessive,limited；shortage；lack；deficiency
cover,24457,/ˈkʌvə(r)/,,盖，覆盖；包含，包括；走过（一段路）；适用于；报道，采访；给……上保险，足够支付；用枪掩护,,盖子，套子；封面；掩蔽（物），掩护（物）,,,,,,covert,conceal；shield；protect；include；shell,expose；reveal
concrete,4332,/ˈkɔŋkriːt/,,,,混凝土,混凝土制的；确实的，具体的；有形的，实在的,,,,,congregate,cement；certain；definite；actual；solid；compact,loose；incompact
clot,598,/klɔt/,凝结成块,,,（血液）凝块,,,,,,clod,mud；clay；block；condense；fool；stupid,
pasture,62,/ˈpɑːstʃə(r)/,,放牧,,牧场，草原,,,,,,posture,meadow；ranch；grassland；prairie,
plough,145,/plau/,耕地；开（路）；破（浪）,,,犁,,,,,,plow,plow；cultivate；till,
scrub,1688,/skrʌb/,用力擦洗，把……擦净；取消（计划等）,,,矮树丛，灌木丛,,,,,,crumb,brush；cleanse；wipe,
thermal,2923,/ˈθɜːml/,,,,热气流,热的，热量的,,,,,terminal,warm；current；hot,cool；cold；chilly
minimum,6316,/ˈmɪnɪməm/,,,,最小值，最低限度,最低的，最小的,,,,,minimal,smallest；least；lowest；minimal,maximum
output,272,/ˈautput/,,输出,,产量；输出量；输出功率,,,,,,octopus,export；production；generate,input
select,3327,/sɪˈlekt/,选择，挑选,,,,精选的，优等的,,,,,slack,choose；pick,
slice,8362,/slaɪs/,把……切成片，削,,,薄片，切片；份，部分,,,,,,solicit,cut；divide；piece；sliver；segment,
pepper,833,/ˈpepə(r)/,,在……上撒（胡椒粉等）,,胡椒（粉）,,,,,,piper,chilli,
groan,1355,/grəun/,,,呻吟；叹息,呻吟声，叹息声,,,,,,grown,moan,
appeal,11586,/əˈpiːl/,,,呼吁；起诉，上诉；吸引,上诉，申诉；呼吁；感染力，吸引力,,,,,,appear；peal,request；ask；plead；urge；petition；plea；apply,
caution,3642,/ˈkɔːʃn/,提醒，警告,,,谨慎，小心,,,,,,cushion；cautious,attention；warn；notify,
average,8687,/ˈævərɪdʒ/,平均达到；平均为,,,平均（数）,平均的；平常的，普通的,,,,,beverage；leverage,mean；median；normal；regular；usual；typical；ordinary,irregular；unusual；extraordinary
burst,346,/bɜːst/,（使）爆炸；突然发作；破裂,,,爆炸,,,,,,boost,spurt；erupt；gush；explode；gust,
transit,269,/ˈtrænsɪt;ˈtrænzɪt/,通过，经过；中转,,,运输，运载,,,,,,translate；transmit,transportation；shipment；transfer；transport；passage；convey,
launch,5485,/lɔːntʃ/,,将……投放市场；开始从事，发动，发起；发射,,发射；（产品）上市,,,,,,lunch；lounge,start；fire；send,
form,47886,/fɔːm/,（使）形成，（使）出现,,,形式；外形；表格,,,,,,foam；farm,table；excel；sheet；shape；figure,
figure,80211,/ˈfɪgə(r)/,是重要部分；认为；计算，估计,,,数字；人物；体态，体形；轮廓；（插）图，图表；雕像，塑像,,,,,,feature,feature；appear；shape；form；number,
multiple,1868,/ˈmʌltɪpl/,,,,倍数,多重的；多样的,,,,,multiply,manifold；many；various,singular
bloom,2690,/bluːm/,（使）开花,,,花；开花（期）；青春焕发（的时期）,,,,,,blossom；balloon,thrive；prosper；glow；flourish,wither；fade；perish；wilt
trick,2391,/trɪk/,,欺诈，哄骗,,诡计，花招,,,,,,trek,fake；false；deceive；juggle,
academic,3904,/ˏækəˈdemɪk/,,,,学者；大学教师,学院的；学术的；不切实际的,,,,,epidemic；academia,scholarship；science；educational；intellectual,practical
alarm,2364,/əˈlɑːm/,,使惊恐；使担心,,惊恐，恐慌；报警器；闹钟；警报,,,,,,alumnus,alert；clock,
beam,3269,/biːm/,面露喜色；发射电波，播送,,,（光线等的）束；梁；笑容，喜色,,,,,,bean,girder；rafter；sunbeam；smile；grin；shine,
hike,6652,/haɪk/,徒步旅行；提高（价格等）,,,远足，徒步旅行；猛增,,,,,,hack,excursion；walk,
chorus,92,/ˈkɔːrəs/,齐声说,,,合唱，合唱曲；合唱队；副歌，叠句；齐声，齐声说的话（或发出的喊声）,,,,,,corpus,choir,
scent,589,/sent/,,嗅到；察觉,,香味；气味,,,,,,sent；cent,smell；odour；odor；fragrance；perfume；flavour,stink
swivel,454,/ˈswɪvl/,旋转,,,转环，转节,,,,,,survival,spin；rotate；revolve；pivot；turn,
mantle,35,/ˈmntl/,,用斗篷盖；覆盖,,披风，斗篷；覆盖物；（煤气灯）纱罩；[解]外层；包膜；外表；（水库的）槽；[地]地幔,,,,,,mental,blanket；cover；shroud；cape；cloak；layer,
swing,15302,/swɪŋ/,摇摆；（使）突然转向,,,摇摆；秋千,,,,,,swirl；sling,sway；hang；swill,
trend,173,/trend/,,,伸向；倾向,倾向；趋势；流行，时尚,,,,,,tend,tendency；current；drift；inclination,
extreme,2634,/ɪkˈstriːm/,,,,极端，过分,极度的；最后的,,,,,stream,ultra；exceeding；super；highly；radical,moderate；mild；regular；average
military,10271,/ˈmɪlɪtrɪ/,,,,[the~]军队,军事的,,,,,monetary,martial,civil；civilian
poison,2708,/ˈpɔɪzn/,,毒害,,毒，毒药,,,,,,prison,kill；murder；harm；venom；toxin；contagion；toxic,
maximum,8635,/ˈmæksɪməm/,,,,最大量，极限,最大的，最高的,,,,,maximal；maxim,supreme；extreme；limit；ceiling；upper；utmost,minimum
focus,29453,/ˈfəukəs/,（使）聚焦，（使）集中,,,焦点，焦距；（注意力、活动等的）中心,,,,,,folk；fecal；fetal,aim；target；concentrate；converge,distract
dairy,4239,/ˈdeərɪ/,,,,奶制品；乳品店,乳制品的,,,,,diary,milk,
hinge,1026,/hɪndʒ/,依……而定,,,合叶；铰链,,,,,,hint,link；pivot；axis；joint,
stain,2805,/steɪn/,,染污；给……着色,,污点,,,,,,strain,dot；spot；speckle；mark；blemish；dirty；contaminate,clean；honour；decontaminate
trial,46,/ˈtraɪəl/,,,,审讯；试验,试验性的,,,,,trail,test；pilot；experiment；court；judge,
paramount,1820,/ˈpærəmaunt/,,,,最高统治者,最重要的，决定性的,,,,,parliament；pyramid,supreme；utmost；dominant；chief；principal,inessential；minor；trivial；insignificant
apart,5617,/əˈpɑːt/,,,,,分离的,相间隔；分离；除去,,,,part,separately；respectively,together
flush,371,/flʌʃ/,冲洗，清除；（使）发红；（使）脸红；奔流,,,脸红，红光,齐平的，同高的,,,,,flourish；flash；blush,rinse；blush；clear；wash；redden,
demand,32665,/dɪˈmɑːnd/,需求；需要；询问,,,要求；需求（量）,,,,,,diamond,request；claim；requirement；ask；inquire,reply；response；answer
tag,3657,/tæg/,跟随；给……加标签；添加,,,标签；附加语,,,,,,tug,mark；label；identify；tab；code；name,
wrinkle,1064,/ˈrɪŋkl/,（使）起皱纹,,,皱纹,,,,,,weaken,screw；crumple；fold；crease；tuck,smooth；sleek；slick；even
huddle,725,/ˈhʌdl/,,,聚焦在一起,杂乱的一堆；拥挤,,,,,,handle；hustle,group；cluster；crowd；gather；bunch,scatter；disperse
clash,1713,/klæʃ/,发生冲突；不协调；砰地相撞，发出刺耳的撞击声,,,冲突；不协调；（金属等的）刺耳的撞击声,,,,,,crash；cash；clutch,fight；argument；conflict；smash；rattle；battle；collision,agree；match；agreement
moral,1940,/ˈmɔrəl/,,,,品行，道德；寓意，教训,道德的，伦理的,,,,,moron；mortal；morale,ethical；morale,immoral
crusade,280,/kruːˈseɪd/,加入十字军，投身正义运动,,,十字军（远征）；斗争，运动,,,,,,crude；cruise,campaign；struggle；exert；movement；fight；war；action；army,
taunt,477,/tɔːnt/,,嘲笑，讥笑,,嘲弄的言语，讥讽,,,,,,daunt；tout,mock；tease；sneer；ridicule,compliment；praise；acclaim；commend
sanction,2272,/ˈsæŋkʃn/,批准，认可,,,批准，认可；约束因素，约束力；国际制裁,,,,,,section,authorization；permission；support；permit；approve；allow；punish；penalty,
exhibit,10132,/ɪgˈzɪbɪt/,陈列，展览；显示,,,展览品,,,,,,inhibit,show；display；demonstrate,
shelter,2197,/ˈʃeltə(r)/,掩蔽；躲避,,,掩蔽（处），隐蔽（处）；住所；保护,,,,,,shatter,haven；sanctuary；protection；refuge；harbor,
stock,50,/stɔk/,储备,,,储备品；股票；家畜,常备的,,,,,stark；stack；stuck,keep；share；supply；stash；livestock,
hollow,452,/ˈhɔləu/,挖空，凿空,,,,空的，空洞的；（声音）沉闷的；虚伪的，空虚的,,,,,hello；horror,cavity；recess；valley；crater；excavate；dig；tunnel,bulge；hump；solid；convex
bark,3201,/bɑːk/,,,吠叫,犬吠声；树皮,,,,,,buck；dark,rind；woof；yelp,
burrow,939,/ˈbʌrəu/,挖掘，钻进；翻寻,,,地洞,,,,,,borrow,dig；excavate；channel；tunnel；investigate；hole,
equivalent,4614,/ɪˈkwɪvələnt/,,,,相等物，等价物,相等的，等量的,,,,,equipment,tounterpart；equal；parallel；same；correspondent；alike；comparable,different；inequality
fatigue,433,/fəˈtiːg/,（使）疲劳,,,疲劳，劳累,,,,,,fugitive,exhaustion；tiredness,energy；vigour
flavour,0,/ˈfleɪvə(r)/,,给……调味,,风味，滋味,,,,,,flour,sense；taste；savor；season,
negative,1684,/ˈnegətɪv/,,,,负数；（照相的）底片,否定的，反面的；消极的；负的，阴性的,,,,,narrative,no；deny,affirmative
handle,7735,/ˈhændl/,处理；操作，操纵；触，抚摸,,,手柄，把手,,,,,,huddle,grip；knob；holder；deal；control；manage,
intellectual,6061,/ˏɪntɪˈlektʃuəl/,,,,知识分子,智力的；理智的,,,,,intersection,intelligent；knowledgeable；academic；rational；scholar,ignorant；illiteral
centennial,1453,/senˈtenɪəl/,,,,百年纪念,一百年的,,,,,spontaneous,century；hundred years,
mediterranean,2643,/ˏmedɪtəˈreɪnɪən/,,,,地中海,地中海（式）的,,,,,medittation,Aegean Sea,
discipline,1437,/ˈdɪsɪplɪn/,,训练，训导,,学科；纪律；处分,,,,,,displant；display,regulation；self-control；self-restraint；train；punish,
function,10262,/ˈfʌŋkʃn/,,,运行，起作用,功能；职责，作用；函数,,,,,,faction,work；perform；operate,malfunction
complete,35373,/kəmˈpliːt/,,完成；结束,,,彻底的；完成的；绝对的,,,,,compete；compilation；complicate,finish；finalize；accomplish；whole；entire,incomplete；unfinished；partial；fragmentary
kit,75,/kɪt/,装备,,,成套工具,,,,,,kid,tool；equipment；suite,
stretch,9041,/stretʃ/,伸展；延伸，延续，拉长；使倾注全力，使紧张,,,一段（时间、路径）；伸展，延伸，延续,,,,,,sketch；scratch,expand；spread；elongate；extend,
transient,186,/ˈtrænzɪənt/,,,,在某地短暂停留或工作的人,短暂的，转瞬即逝的,,,,,transit；transcend,fast；fujitive；temporary；ephemeral,long；permanent；eternal；everlasting
constituent,82,/kənˈstɪtjuənt/,,,,成分，要素；选区内的选民,组成的；有宪法制定或修改权的,,,,,constitute；institute,voter；component；fundamental；composition；ingredient,
stress,11711,/stres/,,强调；重读,,压力；重音；强调，重点，着重,,,,,,stretch；dress,pressure；strain；anxiety；tension；emphasize,
confine,4659,/kənˈfaɪn/,,限制，仅限于；管制，禁闭,,界限，范围,,,,,,coffin；confess,restrain；restrict；limit；arrest；detention,release
chain,1249,/tʃeɪn/,,用链条拴住,,链，链条；一连串，一系列；枷锁，镣铐；联号，连锁店,,,,,,train,cable；string；lock,
senior,7600,/ˈsiːnɪə(r)/,,,,较年长者；（中学或大学的）毕业班学生,资格较老的；年长的,,,,,seminar,elderly；superior；supervisor,junior
highlight,4669,/ˈhaɪlaɪt/,,强调，突出；以强烈光线照射；集中注意力于,,最精彩的部分，最重要的事件,,,,,,highland,enphasize；underline；stress,